{"cameraMode":{"drawMode":0,"name":"Shaded","section":"Shading Mode"},"sceneLighting":false,"audioPlay":false,"sceneViewState":{"showFog":true,"showMaterialUpdate":false,"showSkybox":true,"showFlares":true,"showImageEffects":true,"showParticleSystems":true},"in2DMode":false,"pivot":{"x":2.859057903289795,"y":0.48325422406196597,"z":1.7905746698379517},"rotation":{"x":-0.06365913897752762,"y":0.8034688234329224,"z":-0.08736525475978852,"w":-0.5854508876800537},"size":0.8566719889640808,"orthographic":false}