{"cameraMode":{"drawMode":0,"name":"Shaded","section":"Shading Mode"},"sceneLighting":false,"audioPlay":false,"sceneViewState":{"showFog":true,"showMaterialUpdate":false,"showSkybox":true,"showFlares":true,"showImageEffects":true,"showParticleSystems":true},"in2DMode":false,"pivot":{"x":-0.24491149187088014,"y":4.099900245666504,"z":0.0},"rotation":{"x":-0.06365913897752762,"y":0.8034688234329224,"z":-0.08736525475978852,"w":-0.5854508876800537},"size":2.3566715717315676,"orthographic":false}